<?xml version="1.0"?>
<doc>
    <assembly>
        <name>ApiPeliculas</name>
    </assembly>
    <members>
        <member name="M:ApiPeliculas.Controllers.CategoriasController.GetCategorias">
            <summary>
            Obtener todas las categorías
            </summary>
            <returns></returns>
        </member>
        <member name="M:ApiPeliculas.Controllers.CategoriasController.GetCategoria(System.Int32)">
            <summary>
            Obtener una categoría individual
            </summary>
            <param name="categoriaId">Este es el id de la categoría</param>
            <returns></returns>
        </member>
        <member name="M:ApiPeliculas.Controllers.CategoriasController.CrearCategoria(ApiPeliculas.Models.Dtos.CategoriaDto)">
            <summary>
            Crear una nueva categoría
            </summary>
            <param name="categoriaDto"></param>
            <returns></returns>
        </member>
        <member name="M:ApiPeliculas.Controllers.CategoriasController.ActualizarCategoria(System.Int32,ApiPeliculas.Models.Dtos.CategoriaDto)">
            <summary>
            Actualizar una categoría existente
            </summary>
            <param name="categoriaId"></param>
            <param name="categoriaDto"></param>
            <returns></returns>
        </member>
        <member name="M:ApiPeliculas.Controllers.CategoriasController.BorrarCategoria(System.Int32)">
            <summary>
            Borrar una categoría existente
            </summary>
            <param name="categoriaId"></param>
            <returns></returns>
        </member>
        <member name="M:ApiPeliculas.Controllers.PeliculasController.GetPeliculas">
            <summary>
            Obtener todas las peliculas
            </summary>
            <returns></returns>
        </member>
        <member name="M:ApiPeliculas.Controllers.PeliculasController.GetPelicula(System.Int32)">
            <summary>
            Obtener una pelicula individual
            </summary>
            <param name="peliculaId"> Este es el id de la pelicula</param>
            <returns></returns>
        </member>
        <member name="M:ApiPeliculas.Controllers.PeliculasController.GetPeliculasEnCategoria(System.Int32)">
            <summary>
            Obtener peliculas por categoria
            </summary>
            <param name="categoriaId"> Este es el id de la categoría</param>
            <returns></returns>
        </member>
        <member name="M:ApiPeliculas.Controllers.PeliculasController.Buscar(System.String)">
            <summary>
            Buscar peliculas por nombre o descripción
            </summary>
            <param name="nombre"> Este es el nombre a buscar</param>
            <returns></returns>
        </member>
        <member name="M:ApiPeliculas.Controllers.PeliculasController.CrearPelicula(ApiPeliculas.Models.Dtos.PeliculaCreateDto)">
            <summary>
            Crear una nueva pelicula
            </summary>       
            <returns></returns>
        </member>
        <member name="M:ApiPeliculas.Controllers.PeliculasController.ActualizarPelicula(System.Int32,ApiPeliculas.Models.Dtos.PeliculaUpdateDto)">
            <summary>
            Actualizar una película existente
            </summary>        
            <returns></returns>
        </member>
        <member name="M:ApiPeliculas.Controllers.PeliculasController.BorrarPelicula(System.Int32)">
            <summary>
            Borrar una pelicula existente
            </summary>
            <param name="peliculaId"> Este es el id de la película</param>
            <returns></returns>
        </member>
        <member name="M:ApiPeliculas.Controllers.UsuariosController.GetUsuarios">
            <summary>
            Registro de nuevo usuario
            </summary>
            <returns></returns>
        </member>
        <member name="M:ApiPeliculas.Controllers.UsuariosController.GetUsuario(System.Int32)">
            <summary>
            Obtener un usuario individual
            </summary>
            <param name="usuarioId"> Este es el id de la usuario</param>
            <returns></returns>
        </member>
        <member name="M:ApiPeliculas.Controllers.UsuariosController.Registro(ApiPeliculas.Models.Dtos.UsuarioAuthDto)">
            <summary>
            Registro de nuevo usuario
            </summary>
            <returns></returns>
        </member>
        <member name="M:ApiPeliculas.Controllers.UsuariosController.Login(ApiPeliculas.Models.Dtos.UsuarioAuthLoginDto)">
            <summary>
            Acceso/Autenticación de usuario
            </summary>
            <returns></returns>
        </member>
    </members>
</doc>
